split,factor,horizon,train_start,train_end,test_start,test_end,embargo_hours,n_timestamps,n_observations,coverage,n_periods,mean_ic,median_ic,ic_std,icir,positive_rate,t_stat,naive_p_value,HAC_t_stat,HAC_p_value,HAC_lag,raw_p_value,status,scope
first_half,momentum_1h,24,2024-02-16T22:00:00+00:00,2026-09-07T23:00:00+00:00,,,0,1,5,0.0063532401524777635,1,-0.3,-0.3,,,0.0,,,,,,,computed,subperiod
second_half,momentum_1h,24,2026-09-08T00:00:00+00:00,2026-09-16T07:36:00+00:00,,,0,106,5078,0.5465504251426111,106,-0.0005353198722380222,0.017222919081910572,0.3010526188698998,-0.018307282734733067,0.5283018867924528,-0.018307282734733067,0.9854284603798741,-0.021029274561749377,0.9832223031126448,24.0,0.9832223031126448,computed,subperiod
first_half,momentum_4h,24,2024-02-16T22:00:00+00:00,2026-09-07T23:00:00+00:00,,,0,0,0,0.0,0,,,,,,,,,,,,insufficient evidence,subperiod
second_half,momentum_4h,24,2026-09-08T00:00:00+00:00,2026-09-16T07:36:00+00:00,,,0,98,4764,0.5127542783338714,98,0.029025882598051746,0.0367829740591889,0.2764733041807488,1.0393103907863879,0.5510204081632653,1.0393103907863879,0.30124413066828276,0.809744544032582,0.4180870111317976,24.0,0.4180870111317976,computed,subperiod
first_half,momentum_24h,24,2024-02-16T22:00:00+00:00,2026-09-07T23:00:00+00:00,,,0,0,0,0.0,0,,,,,,,,,,,,insufficient evidence,subperiod
second_half,momentum_24h,24,2026-09-08T00:00:00+00:00,2026-09-16T07:36:00+00:00,,,0,84,3459,0.37229577010009685,84,-0.035138268892458656,-0.028271728271728275,0.2893285387738814,-1.1130860278892059,0.4166666666666667,-1.1130860278892059,0.26888477632670893,-1.3545928530749693,0.17554731177373917,24.0,0.17554731177373917,computed,subperiod
first_half,momentum_7d,24,2024-02-16T22:00:00+00:00,2026-09-07T23:00:00+00:00,,,0,0,0,0.0,0,,,,,,,,,,,,insufficient evidence,subperiod
second_half,momentum_7d,24,2026-09-08T00:00:00+00:00,2026-09-16T07:36:00+00:00,,,0,0,0,0.0,0,,,,,,,,,,,,insufficient evidence,subperiod
first_half,reversal_1h,24,2024-02-16T22:00:00+00:00,2026-09-07T23:00:00+00:00,,,0,1,5,0.0063532401524777635,1,0.3,0.3,,,1.0,,,,,,,computed,subperiod
second_half,reversal_1h,24,2026-09-08T00:00:00+00:00,2026-09-16T07:36:00+00:00,,,0,106,5078,0.5465504251426111,106,0.0005353198722380222,-0.017222919081910572,0.3010526188698998,0.018307282734733067,0.4716981132075472,0.018307282734733067,0.9854284603798741,0.021029274561749377,0.9832223031126448,24.0,0.9832223031126448,computed,subperiod
first_half,realized_vol_24h,24,2024-02-16T22:00:00+00:00,2026-09-07T23:00:00+00:00,,,0,2,11,0.01397712833545108,2,-0.13571428571428576,-0.13571428571428576,0.3333503397022296,-0.5757575757575759,0.5,-0.5757575757575759,0.66742764621658,-0.8142441722754186,0.4155050849001217,1,0.4155050849001217,computed,subperiod
second_half,realized_vol_24h,24,2026-09-08T00:00:00+00:00,2026-09-16T07:36:00+00:00,,,0,120,5426,0.5840060273382843,120,-0.05719050987229438,-0.06756789672390695,0.30226217242430375,-2.072673009727819,0.38333333333333336,-2.072673009727819,0.040361941872846994,-0.7457713275803546,0.45580556315632537,24,0.45580556315632537,computed,subperiod
first_half,volume_momentum,24,2024-02-16T22:00:00+00:00,2026-09-07T23:00:00+00:00,,,0,0,0,0.0,0,,,,,,,,,,,,insufficient evidence,subperiod
second_half,volume_momentum,24,2026-09-08T00:00:00+00:00,2026-09-16T07:36:00+00:00,,,0,84,3459,0.37229577010009685,84,-0.0069264034276746,0.03402340818385595,0.29846020644419713,-0.2126968173028788,0.5595238095238095,-0.2126968173028788,0.8320849674678837,-0.20719057822591316,0.8358610251580086,24.0,0.8358610251580086,computed,subperiod
first_half,volume_surprise,24,2024-02-16T22:00:00+00:00,2026-09-07T23:00:00+00:00,,,0,5,30,0.03811944091486658,5,-0.04571428571428572,-0.09999999999999999,0.5583457710057452,-0.18307696719160535,0.4,-0.18307696719160535,0.8636426988608141,-0.2668919518333356,0.7895523534643654,4,0.7895523534643654,computed,subperiod
second_half,volume_surprise,24,2026-09-08T00:00:00+00:00,2026-09-16T07:36:00+00:00,,,0,129,5613,0.6041330319664191,129,0.04126245084395058,0.023112588574927824,0.290059225015213,1.6157091811411592,0.5426356589147286,1.6157091811411592,0.10861938671852404,2.588985664147458,0.009625910175622405,24,0.009625910175622405,computed,subperiod
first_half,liquidity_mcap,24,2024-02-16T22:00:00+00:00,2026-09-07T23:00:00+00:00,,,0,0,0,0.0,0,,,,,,,,,,,,insufficient evidence,subperiod
second_half,liquidity_mcap,24,2026-09-08T00:00:00+00:00,2026-09-16T07:36:00+00:00,,,0,0,0,0.0,0,,,,,,,,,,,,insufficient evidence,subperiod
first_half,turnover,24,2024-02-16T22:00:00+00:00,2026-09-07T23:00:00+00:00,,,0,0,0,0.0,0,,,,,,,,,,,,insufficient evidence,subperiod
second_half,turnover,24,2026-09-08T00:00:00+00:00,2026-09-16T07:36:00+00:00,,,0,0,0,0.0,0,,,,,,,,,,,,insufficient evidence,subperiod
first_half,volume_liquidity,24,2024-02-16T22:00:00+00:00,2026-09-07T23:00:00+00:00,,,0,0,0,0.0,0,,,,,,,,,,,,insufficient evidence,subperiod
second_half,volume_liquidity,24,2026-09-08T00:00:00+00:00,2026-09-16T07:36:00+00:00,,,0,0,0,0.0,0,,,,,,,,,,,,insufficient evidence,subperiod
first_half,amihud_illiquidity,24,2024-02-16T22:00:00+00:00,2026-09-07T23:00:00+00:00,,,0,1,5,0.0063532401524777635,1,0.6,0.6,,,1.0,,,,,,,computed,subperiod
second_half,amihud_illiquidity,24,2026-09-08T00:00:00+00:00,2026-09-16T07:36:00+00:00,,,0,106,5078,0.5465504251426111,106,-0.008099588326724362,0.016719948221974076,0.23877974933304996,-0.3492355023369128,0.6037735849056604,-0.34923550233691275,0.7276119198637232,-0.3907244379259971,0.696000933128823,24.0,0.696000933128823,computed,subperiod
first_half,liquidity_growth,24,2024-02-16T22:00:00+00:00,2026-09-07T23:00:00+00:00,,,0,0,0,0.0,0,,,,,,,,,,,,insufficient evidence,subperiod
second_half,liquidity_growth,24,2026-09-08T00:00:00+00:00,2026-09-16T07:36:00+00:00,,,0,0,0,0.0,0,,,,,,,,,,,,insufficient evidence,subperiod
first_half,liquidity_shock,24,2024-02-16T22:00:00+00:00,2026-09-07T23:00:00+00:00,,,0,0,0,0.0,0,,,,,,,,,,,,insufficient evidence,subperiod
second_half,liquidity_shock,24,2026-09-08T00:00:00+00:00,2026-09-16T07:36:00+00:00,,,0,0,0,0.0,0,,,,,,,,,,,,insufficient evidence,subperiod
first_half,buy_sell_imbalance,24,2024-02-16T22:00:00+00:00,2026-09-07T23:00:00+00:00,,,0,0,0,0.0,0,,,,,,,,,,,,insufficient evidence,subperiod
second_half,buy_sell_imbalance,24,2026-09-08T00:00:00+00:00,2026-09-16T07:36:00+00:00,,,0,0,0,0.0,0,,,,,,,,,,,,insufficient evidence,subperiod
first_half,smart_money_flow_intensity,24,2024-02-16T22:00:00+00:00,2026-09-07T23:00:00+00:00,,,0,0,0,0.0,0,,,,,,,,,,,,insufficient evidence,subperiod
second_half,smart_money_flow_intensity,24,2026-09-08T00:00:00+00:00,2026-09-16T07:36:00+00:00,,,0,0,0,0.0,0,,,,,,,,,,,,insufficient evidence,subperiod
first_half,smart_money_crowding,24,2024-02-16T22:00:00+00:00,2026-09-07T23:00:00+00:00,,,0,0,0,0.0,0,,,,,,,,,,,,insufficient evidence,subperiod
second_half,smart_money_crowding,24,2026-09-08T00:00:00+00:00,2026-09-16T07:36:00+00:00,,,0,0,0,0.0,0,,,,,,,,,,,,insufficient evidence,subperiod
first_half,signal_count,24,2024-02-16T22:00:00+00:00,2026-09-07T23:00:00+00:00,,,0,0,0,0.0,0,,,,,,,,,,,,insufficient evidence,subperiod
second_half,signal_count,24,2026-09-08T00:00:00+00:00,2026-09-16T07:36:00+00:00,,,0,0,0,0.0,0,,,,,,,,,,,,insufficient evidence,subperiod
first_half,signal_breadth,24,2024-02-16T22:00:00+00:00,2026-09-07T23:00:00+00:00,,,0,0,0,0.0,0,,,,,,,,,,,,insufficient evidence,subperiod
second_half,signal_breadth,24,2026-09-08T00:00:00+00:00,2026-09-16T07:36:00+00:00,,,0,0,0,0.0,0,,,,,,,,,,,,insufficient evidence,subperiod
first_half,holder_growth,24,2024-02-16T22:00:00+00:00,2026-09-07T23:00:00+00:00,,,0,0,0,0.0,0,,,,,,,,,,,,insufficient evidence,subperiod
second_half,holder_growth,24,2026-09-08T00:00:00+00:00,2026-09-16T07:36:00+00:00,,,0,0,0,0.0,0,,,,,,,,,,,,insufficient evidence,subperiod
first_half,holder_acceleration,24,2024-02-16T22:00:00+00:00,2026-09-07T23:00:00+00:00,,,0,0,0,0.0,0,,,,,,,,,,,,insufficient evidence,subperiod
second_half,holder_acceleration,24,2026-09-08T00:00:00+00:00,2026-09-16T07:36:00+00:00,,,0,0,0,0.0,0,,,,,,,,,,,,insufficient evidence,subperiod
first_half,holder_concentration,24,2024-02-16T22:00:00+00:00,2026-09-07T23:00:00+00:00,,,0,0,0,0.0,0,,,,,,,,,,,,insufficient evidence,subperiod
second_half,holder_concentration,24,2026-09-08T00:00:00+00:00,2026-09-16T07:36:00+00:00,,,0,0,0,0.0,0,,,,,,,,,,,,insufficient evidence,subperiod
first_half,holder_liquidity_interaction,24,2024-02-16T22:00:00+00:00,2026-09-07T23:00:00+00:00,,,0,0,0,0.0,0,,,,,,,,,,,,insufficient evidence,subperiod
second_half,holder_liquidity_interaction,24,2026-09-08T00:00:00+00:00,2026-09-16T07:36:00+00:00,,,0,0,0,0.0,0,,,,,,,,,,,,insufficient evidence,subperiod
first_half,rank_change,24,2024-02-16T22:00:00+00:00,2026-09-07T23:00:00+00:00,,,0,0,0,0.0,0,,,,,,,,,,,,insufficient evidence,subperiod
second_half,rank_change,24,2026-09-08T00:00:00+00:00,2026-09-16T07:36:00+00:00,,,0,0,0,0.0,0,,,,,,,,,,,,insufficient evidence,subperiod
first_half,rank_momentum,24,2024-02-16T22:00:00+00:00,2026-09-07T23:00:00+00:00,,,0,0,0,0.0,0,,,,,,,,,,,,insufficient evidence,subperiod
second_half,rank_momentum,24,2026-09-08T00:00:00+00:00,2026-09-16T07:36:00+00:00,,,0,0,0,0.0,0,,,,,,,,,,,,insufficient evidence,subperiod
first_half,attention_shock,24,2024-02-16T22:00:00+00:00,2026-09-07T23:00:00+00:00,,,0,0,0,0.0,0,,,,,,,,,,,,insufficient evidence,subperiod
second_half,attention_shock,24,2026-09-08T00:00:00+00:00,2026-09-16T07:36:00+00:00,,,0,0,0,0.0,0,,,,,,,,,,,,insufficient evidence,subperiod
first_half,token_age_days,24,2024-02-16T22:00:00+00:00,2026-09-07T23:00:00+00:00,,,0,0,0,0.0,0,,,,,,,,,,,,insufficient evidence,subperiod
second_half,token_age_days,24,2026-09-08T00:00:00+00:00,2026-09-16T07:36:00+00:00,,,0,0,0,0.0,0,,,,,,,,,,,,insufficient evidence,subperiod
first_half,audit_score,24,2024-02-16T22:00:00+00:00,2026-09-07T23:00:00+00:00,,,0,0,0,0.0,0,,,,,,,,,,,,insufficient evidence,subperiod
second_half,audit_score,24,2026-09-08T00:00:00+00:00,2026-09-16T07:36:00+00:00,,,0,0,0,0.0,0,,,,,,,,,,,,insufficient evidence,subperiod
first_half,chain_volume_breadth,24,2024-02-16T22:00:00+00:00,2026-09-07T23:00:00+00:00,,,0,2,13,0.016518424396442185,2,0.1751982372898248,0.1751982372898248,0.16048056718473303,1.5439110642843044,1.0,1.5439110642843046,0.36590400449247773,2.183419966208744,0.029004896914992577,1,0.029004896914992577,computed,subperiod
second_half,chain_volume_breadth,24,2026-09-08T00:00:00+00:00,2026-09-16T07:36:00+00:00,,,0,131,5696,0.6130664083521687,131,0.012611189409176014,0.01490250242661105,0.28088812164993576,0.5138759851654845,0.5343511450381679,0.5138759851654846,0.6082110609106554,0.24486704035413467,0.8065593828688447,24,0.8065593828688447,computed,subperiod
first_half,market_vol_regime,24,2024-02-16T22:00:00+00:00,2026-09-07T23:00:00+00:00,,,0,4,24,0.030495552731893267,4,-0.03608439182435161,0.07216878364870322,0.3796013991310124,-0.1901172751573434,0.5,-0.1901172751573434,0.861354309246942,-0.32879797461071464,0.7423083940717163,3,0.7423083940717163,computed,subperiod
second_half,market_vol_regime,24,2026-09-08T00:00:00+00:00,2026-09-16T07:36:00+00:00,,,0,131,5694,0.6128511462705845,131,-0.06939744613618845,-0.03682317738419912,0.2391705130578957,-3.3210200773085523,0.3435114503816794,-3.3210200773085523,0.0011644979515619584,-2.298086536345461,0.02155686438614071,24,0.02155686438614071,computed,subperiod
